{
    "precision": 0.9288537549407114,
    "recall": 0.914396887159533,
    "f1": 0.9215686274509804,
    "gold_recall": 0.9416342412451362,
    "num_true_positive": 235,
    "num_pred_instance": 253,
    "num_gt_instance": 257
}