{
    "precision": 0.8401012658227848,
    "recall": 0.7437690514613592,
    "f1": 0.7890056588520615,
    "gold_recall": 0.8930428545813162,
    "num_true_positive": 8296,
    "num_pred_instance": 9875,
    "num_gt_instance": 11154
}