{
    "precision": 0.8319327731092437,
    "recall": 0.6875,
    "f1": 0.752851711026616,
    "gold_recall": 0.7847222222222222,
    "num_true_positive": 99,
    "num_pred_instance": 119,
    "num_gt_instance": 144
}