{
    "precision": 0.9418416801292407,
    "recall": 0.8887195121951219,
    "f1": 0.9145098039215687,
    "gold_recall": 0.9405487804878049,
    "num_true_positive": 583,
    "num_pred_instance": 619,
    "num_gt_instance": 656
}