{
    "precision": 0.8835341365461847,
    "recall": 0.7638888888888888,
    "f1": 0.819366852886406,
    "gold_recall": 0.8333333333333334,
    "num_true_positive": 220,
    "num_pred_instance": 249,
    "num_gt_instance": 288
}