{
    "precision": 0.9006622516556292,
    "recall": 0.7611940298507462,
    "f1": 0.8250758341759353,
    "gold_recall": 0.8227611940298507,
    "num_true_positive": 408,
    "num_pred_instance": 453,
    "num_gt_instance": 536
}