{
    "precision": 0.8542024013722127,
    "recall": 0.7661538461538462,
    "f1": 0.8077858880778589,
    "gold_recall": 0.8369230769230769,
    "num_true_positive": 498,
    "num_pred_instance": 583,
    "num_gt_instance": 650
}