{
    "precision": 0.8470824949698189,
    "recall": 0.8034351145038168,
    "f1": 0.8246816846229187,
    "gold_recall": 0.8530534351145038,
    "num_true_positive": 421,
    "num_pred_instance": 497,
    "num_gt_instance": 524
}