{
    "precision": 0.8007334963325183,
    "recall": 0.7713823053142941,
    "f1": 0.7857839094249081,
    "gold_recall": 0.8944501692919181,
    "num_true_positive": 5240,
    "num_pred_instance": 6544,
    "num_gt_instance": 6793
}