{
    "precision": 0.9319148936170213,
    "recall": 0.8521400778210116,
    "f1": 0.8902439024390244,
    "gold_recall": 0.8949416342412452,
    "num_true_positive": 219,
    "num_pred_instance": 235,
    "num_gt_instance": 257
}