{
    "precision": 0.7868852459016393,
    "recall": 0.6666666666666666,
    "f1": 0.7218045112781954,
    "gold_recall": 0.7847222222222222,
    "num_true_positive": 96,
    "num_pred_instance": 122,
    "num_gt_instance": 144
}