{
    "precision": 0.9184692179700499,
    "recall": 0.8414634146341463,
    "f1": 0.8782816229116944,
    "gold_recall": 0.9329268292682927,
    "num_true_positive": 552,
    "num_pred_instance": 601,
    "num_gt_instance": 656
}