{
    "precision": 0.796078431372549,
    "recall": 0.7048611111111112,
    "f1": 0.7476979742173113,
    "gold_recall": 0.8194444444444444,
    "num_true_positive": 203,
    "num_pred_instance": 255,
    "num_gt_instance": 288
}