{
    "precision": 0.7987421383647799,
    "recall": 0.5861538461538461,
    "f1": 0.6761313220940551,
    "gold_recall": 0.6738461538461539,
    "num_true_positive": 381,
    "num_pred_instance": 477,
    "num_gt_instance": 650
}